{"_wandb":{"runtime":546},"_runtime":546.444394364,"grad_norm":0.1078961193561554,"loss":0.041842325489991034,"lr":1.9989497603544085e-05,"_timestamp":1.7571897713424768e+09,"_step":59}